6,8,15,27,28,30,37,38,39,44,46,49,51,52,59,70,75,77,78,80
2,5,10,13,19,23,26,29,32,35,42,53,55,57,58,60,62,67,78,79
4,8,14,18,21,40,41,42,46,50,52,55,56,57,61,70,72,75,77,80
7,10,12,14,19,22,23,26,35,42,43,44,48,49,53,63,65,71,77,78
2,11,13,14,16,18,24,30,35,38,45,49,50,51,53,54,55,57,65,80
2,8,16,18,20,23,24,25,26,28,32,48,54,56,57,60,61,72,78,80
8,10,12,13,26,27,29,31,36,38,41,44,53,57,58,60,66,68,75,78
2,5,9,11,13,19,28,29,30,33,34,41,48,53,58,59,72,75,78,80
6,8,10,12,17,27,30,32,34,39,43,47,51,55,58,61,68,72,75,80
4,7,10,18,21,30,32,35,36,38,42,49,53,55,63,70,74,75,78,79
1,3,7,13,18,19,20,21,22,31,37,39,40,50,54,56,63,64,69,79
2,4,5,7,10,11,15,19,20,44,46,47,54,59,64,66,71,74,75,77
6,11,13,16,21,25,28,37,38,39,43,50,51,61,62,64,69,73,76,79
2,15,19,20,23,26,29,38,40,42,43,45,49,51,64,66,74,75,76,80
5,9,15,16,17,25,30,41,43,46,51,52,61,65,69,70,72,73,74,76
4,9,11,12,13,17,19,22,24,35,36,43,47,48,49,55,57,58,64,71
9,10,13,18,19,20,29,30,34,36,42,44,49,51,53,56,69,76,77,79
3,5,12,16,20,21,22,27,32,36,39,45,49,51,58,59,63,70,72,76
2,3,7,8,9,11,22,23,28,31,34,39,57,61,64,71,72,76,77,80
3,6,9,11,16,37,39,40,41,48,49,51,52,55,56,57,58,61,70,78
3,4,10,13,16,17,24,35,38,43,48,50,54,58,59,70,72,73,74,75
3,6,11,12,13,18,19,24,30,32,33,35,36,47,51,58,62,68,70,72
1,3,4,7,10,13,15,16,25,30,32,36,38,46,48,51,61,64,67,80
11,12,15,17,28,35,37,43,44,46,49,50,55,60,70,71,73,76,78,80
2,4,6,10,21,32,33,37,39,40,48,49,59,61,63,64,65,70,79,80
2,3,6,11,18,22,30,34,35,37,46,48,53,57,61,68,71,77,79,80
8,11,12,16,19,30,32,33,40,45,47,50,54,58,59,61,62,76,79,80
5,6,8,13,17,22,27,28,30,32,40,61,63,64,65,66,71,74,75,76
10,15,23,25,29,30,31,33,48,50,51,54,57,62,63,70,71,75,76,79
2,5,7,18,22,23,27,29,30,32,34,37,40,51,56,58,62,67,70,78
1,4,8,9,16,21,23,25,35,43,48,53,54,57,66,67,73,75,79,80
2,9,10,13,29,32,37,47,48,50,56,64,68,69,72,73,75,76,77,78
4,10,12,16,19,25,26,28,32,34,36,39,42,50,54,61,66,71,75,80
1,4,8,18,24,26,30,32,35,42,44,48,51,57,61,63,65,68,73,74
3,5,7,8,11,19,24,30,32,40,44,45,53,54,57,63,72,76,77,80
3,9,14,16,22,23,24,26,40,41,47,49,54,56,58,65,67,72,73,77
8,10,14,15,25,33,34,36,39,40,41,44,48,56,60,63,64,70,77,80
10,12,14,15,16,23,24,27,30,32,33,42,49,50,51,60,66,67,72,77
1,3,7,9,11,17,19,23,32,34,38,40,42,43,52,61,68,70,77,80
3,4,7,8,16,26,32,33,37,41,42,45,56,59,61,63,65,66,76,80
6,13,19,21,26,30,37,38,39,41,42,45,47,48,52,53,62,72,75,80
2,5,6,8,11,19,26,34,40,43,49,52,53,58,60,61,63,72,75,76
5,9,13,18,19,21,33,35,38,39,40,44,48,57,64,65,67,68,69,76
2,3,7,9,11,12,16,26,28,32,33,34,44,45,46,48,52,57,63,66
3,6,13,14,19,22,23,30,31,35,38,41,44,52,59,63,70,73,75,78
3,5,11,15,18,19,27,30,32,33,36,37,39,42,51,54,66,68,71,79
4,5,10,17,18,22,27,28,37,42,43,45,46,48,49,51,54,55,66,78
2,10,11,12,15,19,20,27,32,36,45,47,53,62,66,67,69,73,78,79
7,12,15,18,19,20,29,31,42,46,52,54,59,63,65,67,70,71,77,80
4,5,8,14,15,20,23,29,41,42,50,51,53,60,67,68,70,71,76,79
1,4,8,11,15,21,23,34,38,39,41,47,51,60,68,71,73,76,77,79
1,2,5,6,7,9,18,19,24,26,27,34,40,41,53,54,56,63,65,74
2,6,11,15,17,24,25,28,29,30,34,42,43,48,50,53,62,64,70,72
4,7,11,14,15,19,24,25,33,34,39,41,47,52,61,64,68,72,73,78
2,10,13,15,16,24,28,29,32,34,35,39,46,49,54,57,65,70,74,77
2,4,8,12,14,16,23,28,36,37,38,41,43,46,49,51,55,56,57,70
3,10,13,16,24,30,31,37,41,44,46,47,50,52,56,60,61,68,72,80
1,4,7,13,14,16,21,23,25,33,37,39,40,51,56,61,68,70,71,74
4,12,14,16,17,21,22,23,27,30,38,41,44,47,48,57,60,62,64,69
1,4,12,15,18,41,45,47,48,52,53,58,59,62,64,65,66,73,74,79
10,12,13,19,23,24,28,30,35,39,40,43,45,46,50,59,62,67,71,79
1,2,6,7,8,10,27,33,34,40,42,45,46,51,56,58,60,62,70,76
2,4,13,15,27,29,31,37,42,43,47,50,51,54,56,60,61,62,75,77
1,3,7,8,12,27,30,32,33,39,42,48,49,52,57,62,65,70,73,79
7,8,9,21,34,35,39,40,42,44,51,55,58,63,67,68,71,72,75,79
9,12,16,18,33,36,40,41,46,48,51,53,54,55,59,61,62,63,68,75
6,10,11,13,14,28,30,36,39,43,44,47,48,59,67,69,71,73,75,79
7,11,13,14,16,17,20,23,27,30,31,33,34,37,43,53,55,62,66,69
3,8,11,12,13,14,16,22,23,27,33,37,46,48,51,52,53,63,75,80
3,9,14,15,17,19,23,27,28,30,33,35,36,54,57,58,63,65,69,72
5,7,10,14,16,17,19,25,32,34,35,38,40,43,51,53,54,57,73,77
5,7,10,11,14,16,21,22,25,35,40,46,49,52,54,64,66,68,69,70
4,5,8,9,13,19,20,21,24,28,40,48,50,57,63,65,66,69,70,75
2,3,13,16,25,28,35,37,41,45,46,48,49,50,52,61,62,65,70,76
2,5,9,14,16,22,24,26,32,35,36,37,40,41,44,49,65,70,71,74
1,10,11,24,26,27,32,38,49,59,60,63,66,68,69,71,72,73,76,77
2,4,6,10,16,17,19,24,27,30,34,38,40,44,48,49,56,60,63,66
5,13,15,16,19,22,27,28,36,41,43,48,50,56,60,65,67,72,77,80
7,11,19,34,36,37,38,39,42,47,57,60,62,69,72,73,75,76,77,78
2,4,10,16,18,27,37,38,39,40,43,46,47,49,50,56,60,62,71,75
4,5,7,9,10,11,13,17,25,30,32,54,55,57,60,64,70,72,74,76
7,10,12,15,20,34,37,43,45,48,51,54,57,58,59,61,62,73,76,80
3,18,20,22,25,30,37,40,43,45,50,51,61,65,67,72,74,75,76,78
2,4,5,12,17,19,24,31,35,36,38,41,42,44,53,56,60,70,76,80
4,11,13,14,16,17,19,20,25,28,29,30,34,35,41,65,70,74,76,77
3,6,12,13,15,21,25,28,32,34,42,45,46,54,55,60,63,65,70,78
1,2,3,5,6,12,15,17,21,22,26,29,30,33,43,49,51,58,59,61
2,4,6,9,10,12,13,14,18,23,35,39,45,52,59,60,67,68,70,74
1,6,7,9,12,18,19,20,23,24,34,41,52,53,59,62,67,69,72,80
2,8,11,13,15,17,18,20,25,26,29,30,37,45,50,51,52,60,63,75
6,9,12,15,16,23,25,26,28,33,34,37,41,42,44,52,53,54,61,78
7,8,13,14,19,26,28,29,31,35,45,51,53,54,59,61,62,63,77,80
6,13,17,18,19,20,23,25,33,50,55,56,58,59,61,62,67,68,73,80
2,7,9,17,24,27,28,29,30,33,35,41,48,49,51,59,68,69,77,79
10,12,13,14,21,22,23,25,27,28,29,33,34,44,48,55,60,70,77,80
1,6,10,12,19,20,22,23,25,32,34,39,43,50,53,57,58,62,66,67
3,6,9,10,12,17,19,20,28,32,33,36,38,40,42,48,49,51,53,63
1,10,17,19,21,24,27,29,30,31,43,50,53,64,67,69,71,73,76,80
2,14,15,17,22,23,27,37,42,45,49,53,55,61,62,66,67,71,76,77
1,5,8,20,22,23,25,29,34,35,36,45,47,51,52,53,54,58,67,77
3,10,11,13,14,15,18,19,30,34,42,44,47,50,52,59,61,64,67,73
3,4,5,7,11,13,22,27,31,44,46,47,59,63,66,67,69,76,78,79
1,15,19,29,30,33,35,37,38,44,45,47,50,57,59,61,68,74,75,76
6,9,10,15,19,20,30,43,46,47,48,50,52,55,58,60,72,73,77,78
1,5,14,15,18,27,29,31,32,43,44,47,49,60,71,72,73,77,78,80
9,11,15,16,18,19,26,27,29,43,47,48,50,51,52,57,64,67,71,74
1,5,9,16,19,27,28,31,36,37,49,51,53,57,60,62,64,65,69,77
1,2,3,6,8,10,29,30,36,39,43,44,46,50,53,54,55,61,62,75
7,9,16,18,19,22,24,39,42,45,47,52,56,59,62,63,64,72,73,76
2,3,12,14,19,27,34,35,36,47,48,51,52,54,55,59,63,64,66,76
3,5,14,16,21,25,27,33,34,36,42,51,52,58,62,71,74,75,79,80
2,5,6,7,15,16,21,24,32,35,41,47,52,57,61,70,71,72,73,79
5,12,20,22,28,33,36,37,49,50,52,53,59,61,63,66,69,70,74,75
1,2,4,10,22,23,24,33,35,39,47,50,54,56,62,67,74,77,78,79
1,4,7,9,15,21,24,25,30,35,44,49,50,52,54,57,65,69,78,80
3,6,7,10,13,15,23,28,35,45,48,52,54,57,67,68,75,76,78,79
8,11,12,19,21,27,30,32,38,40,43,44,47,50,51,52,53,60,66,76
8,11,13,15,23,26,27,34,39,42,45,49,65,68,71,72,73,74,75,77
6,7,12,13,23,30,33,36,39,44,45,46,48,56,59,62,67,72,78,79
7,12,17,18,20,24,26,37,38,44,45,48,50,51,57,62,63,64,65,78
6,7,15,17,22,23,27,30,38,40,46,47,50,53,55,61,70,71,72,80
5,8,10,11,14,15,20,23,29,33,34,47,53,59,60,66,67,71,75,76
2,4,22,25,26,28,33,39,43,44,46,52,55,56,66,67,68,73,75,77
1,2,9,11,13,17,24,25,30,37,41,54,60,63,65,71,72,74,77,78
1,3,17,18,23,25,28,29,33,36,44,52,53,55,59,60,61,65,76,78
6,7,9,10,11,14,15,20,21,24,40,41,43,50,51,58,61,65,73,79
4,8,9,10,12,17,24,28,31,32,40,41,45,49,52,67,74,75,77,79
2,5,10,11,23,27,29,35,42,47,51,53,57,59,63,65,67,71,73,78
5,9,11,12,15,19,27,30,34,38,40,43,45,47,52,58,62,70,72,75
3,6,9,10,17,18,21,22,34,36,37,39,46,52,54,59,63,64,76,77
4,5,8,11,21,30,34,36,39,44,50,52,59,60,67,68,71,74,76,78
1,5,10,12,23,26,29,33,34,36,37,43,44,45,53,54,63,64,67,77
2,7,8,16,19,21,27,32,43,46,48,49,61,64,66,68,74,77,79,80
1,4,14,25,26,30,31,32,33,34,38,41,47,53,56,61,66,71,74,78
2,3,12,14,17,19,26,31,33,37,41,43,51,53,55,58,63,65,76,80
1,6,12,14,17,19,32,33,40,43,47,50,51,57,58,59,61,62,74,79
2,4,11,12,15,16,17,19,20,27,32,34,35,40,42,43,44,52,55,59
4,9,11,12,17,18,22,26,27,28,31,33,39,42,48,49,51,60,62,80
4,5,14,19,21,22,23,36,40,45,50,51,57,59,62,66,68,74,75,78
9,15,19,27,28,31,33,34,36,42,49,54,56,59,60,63,64,69,72,79
4,8,10,12,14,19,20,22,23,35,36,39,51,53,55,58,59,63,74,75
1,6,13,18,21,23,27,30,35,36,38,40,45,52,53,55,62,63,66,69
7,14,20,22,24,29,30,35,36,39,40,42,44,45,55,56,57,59,71,75
2,3,4,6,9,12,14,15,18,22,29,34,35,37,40,53,54,58,66,72
5,8,11,17,19,25,27,29,37,40,44,46,48,54,59,63,64,65,77,79
2,3,8,9,13,21,27,29,33,36,42,46,49,54,57,60,63,66,69,77
2,7,10,13,16,19,24,38,39,51,52,56,57,61,64,66,68,69,75,76
7,21,22,25,26,28,32,38,42,43,51,55,56,62,63,65,71,73,74,79
5,6,7,10,13,20,23,26,28,30,49,51,54,56,60,61,67,74,75,79
4,9,11,12,17,25,30,34,35,36,45,51,57,58,64,72,73,74,75,76
1,3,5,9,15,19,21,27,33,40,47,51,53,56,57,58,59,60,70,71
1,3,9,13,14,17,20,30,31,36,37,41,46,47,48,50,64,68,70,77
3,12,15,18,21,26,38,39,40,42,44,52,59,65,66,71,74,75,76,78
2,6,13,15,17,20,23,30,39,43,44,45,52,53,56,59,61,66,74,76
7,9,10,14,15,16,17,21,24,39,43,44,50,55,57,61,63,66,75,80
1,3,6,12,13,20,21,22,26,39,47,48,51,55,56,57,66,68,79,80
3,4,8,9,18,23,31,33,34,36,49,55,57,59,61,63,64,66,75,79
5,9,15,16,19,20,22,25,26,27,35,43,45,60,65,68,69,70,72,76
1,3,4,5,7,12,21,24,26,36,42,54,55,56,58,61,65,69,72,79
1,4,6,7,15,22,24,28,35,37,39,46,51,60,65,67,70,74,75,77
9,13,14,17,22,26,28,32,36,41,46,48,51,56,60,63,67,70,76,77
2,7,8,15,19,26,27,37,38,43,49,57,59,60,66,67,68,69,73,74
1,2,4,12,13,16,20,28,31,36,41,42,46,51,60,61,62,69,76,78
3,8,9,10,16,21,27,30,33,34,35,38,43,46,49,50,54,60,62,64
3,5,9,20,28,32,34,37,43,44,45,50,54,60,67,70,72,78,79,80
2,3,6,9,10,13,19,23,34,40,44,45,48,54,56,59,65,67,70,77
4,8,10,12,14,27,28,31,32,36,39,45,46,50,51,63,64,66,74,78
2,17,19,20,22,23,25,32,33,40,42,47,49,58,59,66,67,77,78,79
1,7,15,16,21,24,38,40,41,45,49,55,56,59,63,67,70,74,76,78
8,9,12,13,15,22,23,24,29,46,51,59,61,62,65,66,67,72,76,78
7,10,11,12,13,16,18,21,29,39,40,43,47,51,56,59,68,72,75,79
3,5,13,17,18,22,30,31,37,43,50,53,54,55,56,72,75,78,79,80
1,2,4,12,16,17,21,26,35,38,40,49,52,53,55,62,63,72,77,79
1,9,12,15,18,23,27,32,33,38,42,43,44,46,47,52,55,57,62,63
1,7,8,9,12,14,23,34,35,43,48,53,54,56,67,69,71,77,78,80
3,11,12,15,22,23,31,42,45,48,50,53,56,57,60,63,67,73,76,77
12,13,18,23,25,30,31,41,44,45,49,50,54,55,57,58,60,67,74,77
4,9,12,15,16,23,25,26,29,30,47,48,49,51,52,63,71,72,73,80
2,8,10,17,18,20,29,31,35,37,40,43,45,51,55,58,67,73,77,79
1,2,5,7,10,14,21,27,33,36,38,41,44,52,54,56,59,66,70,71
3,5,10,15,19,23,27,28,32,34,42,43,48,49,53,58,65,67,73,77
1,2,4,6,8,9,13,14,23,27,28,29,30,33,39,46,61,70,73,79
3,7,10,17,19,24,26,27,28,32,35,39,41,46,47,56,62,67,75,76
4,9,18,20,21,28,30,32,39,40,41,46,48,53,55,60,72,73,74,77
2,6,9,13,17,22,25,33,38,39,42,45,48,50,52,59,61,71,78,79
6,8,9,10,11,13,23,25,27,32,36,53,63,67,68,73,74,75,78,79
1,5,6,11,12,13,19,23,35,37,49,59,60,64,67,68,69,72,78,80
2,4,5,9,10,11,14,15,26,28,30,32,48,50,51,61,63,69,75,78
2,6,12,15,21,28,31,35,36,41,42,44,47,57,68,73,75,77,78,79
5,9,11,12,13,14,18,19,22,35,40,43,44,49,61,63,69,77,78,80
2,5,19,24,25,26,29,33,39,40,42,43,45,46,56,59,61,69,77,79
2,5,7,11,14,15,16,20,23,24,25,30,33,46,51,62,64,65,69,73
1,2,7,12,19,21,22,35,40,47,50,51,55,56,62,63,68,75,79,80
8,12,13,14,15,16,27,30,36,44,53,55,56,58,60,61,62,64,73,75
1,14,21,22,24,28,37,41,43,44,45,49,53,54,61,63,69,73,74,80
4,5,9,19,24,31,34,36,42,43,47,56,64,67,70,71,76,77,78,80
1,7,9,10,11,13,14,17,19,20,22,30,41,51,52,53,60,63,67,70
3,4,10,14,27,29,32,36,38,44,45,46,47,48,50,53,63,71,74,77
1,5,12,13,21,22,31,32,39,44,48,55,56,57,60,61,62,66,76,77
4,5,6,7,9,12,32,33,40,42,43,47,50,59,61,64,66,67,69,79
2,6,8,17,18,25,28,30,40,45,46,51,54,60,62,65,66,71,73,75
1,8,11,16,29,31,35,38,39,41,52,57,59,61,62,63,69,71,73,74
2,4,5,6,8,9,13,19,22,23,29,35,40,41,48,50,52,54,57,77
25,26,32,37,42,44,45,49,50,51,57,62,65,67,68,69,70,73,75,77
3,6,8,23,30,35,40,41,44,46,47,50,52,54,58,66,67,68,71,78
7,10,13,14,23,32,37,39,43,46,51,53,54,58,60,61,72,73,74,80
1,2,7,15,16,18,20,21,24,25,29,35,40,52,54,62,65,66,70,78
3,8,12,13,16,21,34,36,37,38,44,45,47,54,55,58,64,65,69,70
1,4,8,19,20,23,25,29,35,39,42,45,50,54,58,61,65,67,71,73
2,9,23,24,25,26,32,33,44,48,50,52,53,54,55,60,63,66,75,79
1,5,8,19,21,24,26,35,36,42,46,54,59,61,62,63,66,74,77,78
5,6,11,21,22,23,24,34,37,38,40,44,52,53,55,57,61,70,71,77
3,5,8,10,13,19,21,23,27,30,34,35,40,43,46,54,56,57,72,73
5,7,10,11,18,19,20,26,32,38,41,47,48,51,53,59,67,74,78,79
4,13,14,17,24,25,27,30,37,40,43,44,53,59,62,74,75,76,77,78
1,3,6,9,18,31,33,39,41,42,43,47,53,55,61,62,63,76,77,79
1,8,11,26,31,33,36,39,42,45,50,51,55,57,61,62,65,67,74,79
22,27,29,30,31,32,36,39,40,41,44,47,51,52,57,60,61,68,73,80
2,3,10,14,16,24,26,30,37,42,46,49,52,55,62,67,68,69,78,79
2,3,10,14,16,24,26,30,37,42,46,49,52,55,62,67,68,69,78,79
2,3,10,14,16,24,26,30,37,42,46,49,52,55,62,67,68,69,78,79
2,3,10,14,16,24,26,30,37,42,46,49,52,55,62,67,68,69,78,79
1,9,12,16,19,21,23,25,26,31,32,34,43,44,48,56,59,71,72,75
6,11,21,26,27,38,42,43,51,52,56,59,62,64,70,71,72,73,78,80
2,9,11,13,20,26,27,32,35,36,38,42,43,54,59,63,65,68,72,74
5,8,9,15,25,26,28,31,36,38,55,57,58,60,66,68,70,74,78,79
9,22,29,30,32,34,36,37,42,44,47,51,53,57,61,64,69,71,75,79
4,8,9,17,18,22,24,29,37,38,43,47,52,56,57,63,64,70,75,78
1,2,3,7,9,20,23,26,27,31,36,37,39,46,51,58,59,63,64,70
2,4,6,10,11,15,17,38,39,40,46,49,62,65,66,69,70,71,72,76
2,3,7,13,14,16,23,27,28,30,45,48,54,55,57,58,64,65,71,77
8,15,17,20,22,25,26,31,39,40,42,46,50,55,56,59,62,64,65,74
2,4,6,11,12,16,22,25,27,33,38,39,47,48,49,56,60,69,71,74
2,6,10,14,19,22,24,25,34,39,41,42,45,47,48,49,51,52,59,60
8,10,11,13,18,25,28,37,39,40,44,52,54,56,58,70,75,76,78,80
1,2,11,13,22,40,41,43,44,52,53,54,55,58,59,64,66,73,75,79
16,24,25,26,34,35,43,46,47,49,52,55,64,65,71,72,73,76,78,79
5,6,15,17,18,19,23,27,31,34,41,43,49,53,56,58,63,65,75,79
3,4,7,8,9,13,18,21,23,28,39,48,50,59,60,61,63,65,77,79
1,11,14,19,20,27,30,31,37,40,47,48,49,50,61,65,67,69,75,78
2,5,11,25,28,30,36,40,42,43,44,52,53,55,59,60,65,69,71,79
3,11,13,14,19,20,23,30,34,35,36,50,55,57,63,65,66,70,73,78
9,11,14,19,23,26,28,31,32,33,39,41,43,48,49,62,64,68,77,78
2,4,5,8,9,11,13,17,30,34,35,45,50,54,56,65,66,73,75,76
1,2,5,9,11,12,14,18,25,26,31,36,37,43,54,60,61,65,68,80
1,2,5,6,22,28,31,38,40,47,48,53,59,60,61,64,67,68,72,78
1,18,21,30,35,36,40,41,43,49,52,59,63,65,67,69,70,71,74,80
6,8,19,22,30,32,36,37,49,52,55,59,60,61,62,64,71,75,78,79
10,11,15,17,19,22,30,37,39,45,48,56,57,58,61,63,64,71,75,79
1,2,3,4,10,11,20,22,30,32,34,44,48,50,54,55,58,59,60,80
3,6,13,14,15,17,21,22,24,28,33,36,40,45,46,59,60,62,69,76
6,10,11,12,24,27,39,40,42,43,44,46,47,51,53,54,57,63,73,74
3,6,9,12,14,19,21,29,32,37,38,64,67,70,71,73,75,77,79,80
5,6,10,11,16,17,18,20,27,33,34,40,41,44,50,55,65,70,75,79
4,8,19,24,27,30,35,42,43,44,50,52,53,56,57,66,68,69,70,71
7,9,11,15,19,21,22,23,30,34,37,46,48,57,61,63,67,68,72,75
1,5,7,11,14,15,21,26,34,37,44,47,48,53,63,64,65,66,72,78
2,4,6,9,16,22,24,29,38,41,42,43,46,47,48,52,53,63,71,75
1,2,3,8,17,21,23,25,29,31,35,37,43,45,51,62,65,73,77,79
4,5,11,13,14,25,27,28,33,38,39,44,54,57,58,63,65,70,71,74
9,10,17,18,20,23,26,28,34,40,50,51,55,59,60,64,66,74,78,79
2,5,10,11,16,20,22,28,29,31,32,33,41,46,49,50,51,56,75,77
1,3,4,8,13,29,31,32,35,39,43,54,55,56,62,65,66,72,78,80
5,23,25,27,29,35,39,43,46,48,50,51,54,55,58,59,65,66,67,70
1,2,10,14,16,17,19,25,32,34,35,42,53,62,64,68,69,70,78,79
8,10,12,13,22,24,32,35,39,42,48,49,55,56,60,66,70,75,76,78
8,12,24,30,33,34,40,42,48,49,51,54,63,64,65,66,67,72,75,78
2,6,13,20,21,37,46,48,49,52,53,56,62,64,66,68,73,77,78,79
3,9,10,16,17,19,28,32,36,39,42,52,53,56,64,65,70,74,75,76
3,7,15,18,24,26,27,30,43,46,48,52,57,58,62,68,72,73,76,79
3,8,12,14,18,19,21,27,31,33,35,38,40,45,52,61,67,76,78,80
1,3,14,16,17,19,28,37,39,40,43,46,48,51,56,57,59,60,61,72
2,9,16,19,25,26,30,36,37,43,45,47,48,49,54,56,63,74,76,79
2,3,9,10,11,14,16,26,31,32,40,46,51,53,55,67,71,75,77,78
3,13,15,20,22,24,26,28,30,31,34,36,38,43,45,52,63,64,76,77
4,9,13,27,28,29,31,34,38,39,48,52,57,62,66,68,71,74,76,80
4,5,7,9,11,14,18,24,40,47,48,52,56,58,61,63,69,71,73,79
8,9,13,15,16,20,24,26,30,41,43,45,49,51,54,60,63,66,73,77
1,4,11,14,15,16,20,21,22,33,37,43,44,55,61,62,71,75,78,80
2,3,10,11,13,19,23,24,27,30,33,47,50,52,56,59,69,72,77,78
6,11,18,20,23,26,27,29,32,34,37,41,42,43,44,55,58,59,67,79
1,5,8,12,15,18,19,27,28,29,30,31,41,46,51,55,69,72,73,75
3,6,7,9,19,26,35,41,45,46,49,50,51,59,61,63,74,77,78,80
1,3,11,16,30,32,33,35,36,38,46,48,50,53,59,60,66,70,71,77
2,3,8,21,23,34,42,44,47,48,49,51,54,58,71,72,74,77,79,80
4,7,9,10,13,16,20,21,22,24,33,37,41,45,48,49,59,60,65,69
9,10,12,18,29,35,37,40,43,44,54,57,59,62,64,67,69,70,74,76
2,6,8,10,11,17,20,25,27,29,39,44,46,49,51,54,55,72,78,79
6,7,13,19,22,25,27,29,31,39,45,49,52,57,60,64,68,69,78,80
6,11,14,17,25,26,30,36,37,41,53,62,64,65,66,67,68,70,73,76
7,9,15,16,17,21,22,25,35,37,38,40,45,48,49,55,65,66,72,75
1,9,17,21,23,24,25,27,36,44,46,62,64,68,71,73,75,77,78,79
7,15,16,17,18,25,27,31,35,38,39,41,44,47,48,53,57,65,67,77
5,6,14,15,23,25,35,36,45,46,51,52,61,62,63,64,66,71,72,75
3,4,17,27,29,34,42,49,50,52,53,56,57,64,65,69,72,74,77,80
1,5,6,9,10,11,12,14,15,16,23,33,42,50,54,58,69,71,73,80
7,9,11,14,17,26,28,29,31,34,35,37,39,56,60,65,67,70,72,77
3,4,5,8,14,23,26,29,32,48,50,55,57,62,64,65,68,69,70,74
1,3,8,9,11,12,18,20,32,34,35,43,47,49,63,70,72,74,76,80
2,5,6,12,19,20,26,28,33,39,51,58,62,65,70,71,74,76,77,78
2,3,4,16,18,21,25,26,34,40,41,45,51,55,61,67,71,77,78,79
2,4,7,11,27,30,33,35,38,43,49,52,53,58,64,69,71,72,78,79
4,6,10,12,16,18,19,21,28,29,32,39,52,54,56,58,61,64,66,73
4,10,14,21,22,24,33,35,37,39,44,45,49,50,64,70,72,73,74,80
5,8,12,13,14,15,16,18,21,26,27,30,39,45,46,49,65,73,78,79
3,5,9,14,16,29,36,43,44,45,46,47,48,53,59,63,67,69,70,77
2,4,13,15,16,17,21,32,37,40,41,42,43,52,54,63,65,70,73,80
8,9,10,14,15,21,31,32,39,41,46,52,53,56,58,68,70,73,74,76
4,6,8,11,13,25,28,30,34,36,41,46,54,59,60,61,63,68,70,78
2,6,7,10,11,22,25,26,33,35,40,42,53,56,62,64,68,69,70,79
2,5,7,15,17,18,24,25,27,29,32,43,46,53,60,66,69,78,79,80
12,15,16,23,24,26,31,35,36,37,38,53,62,63,65,67,70,73,74,75
2,4,6,7,10,17,21,24,28,30,33,36,39,46,49,57,62,64,79,80
1,3,8,13,15,16,21,25,31,33,34,37,40,43,45,58,63,68,69,72
3,9,12,16,17,19,20,21,23,32,38,42,45,49,62,65,67,69,72,77
3,7,8,12,14,17,23,24,26,30,31,32,37,42,46,49,51,56,59,75
3,6,7,11,12,24,29,33,36,38,41,42,62,63,66,67,69,77,78,79
2,7,10,14,15,17,23,26,27,28,44,45,48,50,54,58,68,70,75,77
3,6,10,13,17,19,20,38,46,48,52,54,58,59,67,69,70,73,78,79
2,9,15,16,26,29,34,37,38,40,41,47,48,50,53,55,56,57,66,80
1,6,13,15,18,25,28,31,34,42,47,52,55,61,62,65,67,71,72,73
2,5,17,26,27,30,31,32,40,42,45,49,57,63,64,66,69,76,78,79
3,11,14,15,16,19,22,25,30,35,36,40,43,51,54,57,61,65,72,78
3,5,12,19,26,30,32,36,37,40,45,46,48,50,64,67,68,71,73,80
2,9,11,13,24,25,31,32,33,39,49,56,57,58,59,65,68,72,75,76
5,13,17,23,25,29,35,36,38,43,47,54,55,57,60,64,66,68,70,74
2,4,6,11,24,25,31,38,39,42,46,47,51,53,54,66,70,72,74,77
4,5,6,18,30,32,34,35,39,40,41,42,43,48,51,53,55,56,68,78
9,13,14,15,20,25,26,28,35,42,44,52,53,55,61,62,64,67,69,74
7,17,18,19,23,37,45,46,50,58,59,62,64,65,68,69,73,77,78,80
1,11,14,15,37,38,39,40,41,43,44,45,51,53,54,58,62,65,68,74
3,7,9,14,16,20,22,28,31,33,34,36,37,46,50,62,63,67,70,80
1,3,6,7,8,16,17,22,30,34,36,43,54,60,62,63,66,71,76,78
1,15,24,25,28,35,38,40,44,49,51,53,62,65,67,71,74,75,76,79
4,16,17,22,25,26,36,41,44,51,53,54,55,59,61,68,74,77,78,80
1,4,7,8,11,19,21,23,32,36,44,45,54,57,63,67,69,70,72,75
5,14,16,19,20,29,30,35,40,42,44,50,52,55,62,66,68,69,72,75
3,8,16,17,18,19,22,28,36,38,39,54,55,57,59,62,72,74,79,80
2,11,20,22,27,30,31,38,41,42,49,51,52,56,59,60,71,78,79,80
2,7,9,15,18,30,35,38,39,40,45,50,65,66,67,73,76,78,79,80
1,11,17,23,24,27,30,32,34,39,43,49,51,53,54,60,68,70,72,73
8,9,17,21,23,25,26,27,29,31,33,34,35,38,41,54,60,65,68,75
4,10,15,18,19,21,22,26,27,31,32,34,47,52,53,54,66,68,77,79
1,3,6,10,13,16,22,30,33,35,38,41,45,47,56,63,67,71,73,79
3,6,13,14,17,19,20,23,24,36,37,38,39,41,47,48,53,57,58,73
3,7,8,18,22,25,27,31,32,33,37,38,46,53,56,57,64,68,71,72
5,7,8,9,16,17,21,25,27,31,34,36,42,46,52,56,64,68,71,74
1,2,7,9,11,14,28,30,34,35,36,45,50,57,65,66,67,73,74,76
6,15,19,22,27,29,34,38,45,48,51,53,55,56,59,62,63,72,77,79
1,3,4,12,17,19,26,41,43,45,58,60,61,62,66,67,68,77,78,80
15,16,19,23,24,29,34,36,37,39,54,56,58,59,60,61,62,67,76,77
1,6,7,11,12,36,39,41,42,51,52,54,55,56,58,64,68,69,73,76
1,3,5,6,17,23,27,34,36,40,52,53,57,59,60,66,68,70,71,80
5,11,13,15,24,39,42,43,45,47,50,51,57,58,62,66,72,73,74,80
1,3,5,6,10,14,16,27,28,29,30,38,46,48,54,58,59,68,69,76
5,7,10,11,31,32,34,39,43,44,45,46,47,51,52,56,60,66,69,79
2,9,12,18,19,21,23,27,29,30,31,34,39,41,42,52,53,58,70,71
7,9,10,16,17,23,26,28,30,36,39,48,52,60,62,63,64,68,74,78
4,11,15,20,21,24,25,29,30,32,41,44,46,47,50,51,54,56,65,75
2,5,7,10,13,16,17,29,34,35,41,43,44,46,47,54,57,64,68,80
2,4,7,12,22,24,31,32,37,44,48,50,54,57,62,66,71,75,76,79
6,10,11,12,17,18,34,38,43,47,49,53,54,59,61,66,69,71,73,77
2,13,19,21,26,27,28,31,33,34,37,44,51,52,57,61,62,67,78,80
5,7,14,15,18,19,28,34,36,37,43,46,50,55,56,58,69,71,72,75
2,7,8,9,13,15,24,31,36,51,54,56,57,60,67,69,73,75,77,78
6,9,12,14,16,17,21,26,29,30,31,34,35,49,50,59,60,66,67,72
3,5,8,9,19,31,37,38,43,51,56,57,59,60,61,62,67,68,75,80
5,6,8,13,17,20,21,27,34,37,41,50,60,61,65,66,67,69,74,75
14,16,17,21,22,24,25,27,28,29,32,39,41,47,48,50,71,74,75,76
2,4,7,8,26,30,32,33,45,48,53,54,55,62,63,65,67,73,77,78
3,10,13,21,27,28,31,36,38,41,49,51,52,63,65,67,70,71,74,78
2,4,8,10,12,28,31,35,36,38,41,48,50,51,57,59,63,66,75,78
2,3,5,8,13,15,17,26,27,33,35,42,47,50,60,61,64,69,76,78
4,5,6,14,16,21,22,34,35,36,44,49,50,58,60,61,69,72,73,76
4,5,21,31,33,35,37,40,41,46,48,49,50,53,57,59,60,68,71,77
11,12,15,20,24,27,28,32,41,50,52,54,64,68,69,70,71,77,78,79
1,8,10,11,14,16,18,25,36,37,40,50,60,67,68,69,73,76,77,79
1,2,6,12,13,15,16,19,25,29,45,49,50,53,55,60,64,68,69,79
1,16,22,23,25,29,32,41,43,44,50,51,54,63,65,66,71,72,73,75
5,14,15,28,29,31,35,39,48,57,59,60,61,63,64,67,72,75,78,80
6,7,9,14,16,20,27,33,38,44,51,63,64,65,69,73,76,78,79,80
11,12,13,14,16,17,21,23,25,27,39,43,51,53,56,61,62,63,66,73
1,9,13,20,21,25,30,37,42,44,49,53,54,55,56,57,66,67,70,77
3,4,12,16,17,20,23,34,40,45,48,49,51,56,64,73,75,77,78,80
8,10,15,22,25,26,29,32,34,39,45,46,50,52,55,56,62,63,66,69
8,12,24,27,30,33,34,35,37,40,43,44,56,57,60,67,69,72,73,79
1,2,9,13,15,21,23,37,43,45,50,53,54,58,65,66,68,73,74,75
2,7,8,13,26,27,28,34,42,52,53,54,55,56,59,60,62,66,67,72
3,10,17,22,23,29,30,35,54,56,57,59,60,61,65,66,70,71,72,73
1,2,10,16,27,32,42,43,44,47,52,55,56,58,60,64,65,66,68,77
1,9,10,34,37,40,41,43,48,52,53,54,57,59,63,68,69,71,75,77
2,3,6,7,12,13,19,23,26,28,30,35,37,43,44,47,54,70,73,74
10,11,12,16,22,26,27,28,29,32,40,50,52,54,62,64,69,70,75,78
5,12,15,17,25,26,29,30,38,42,49,53,56,58,59,62,64,71,74,77
4,5,8,21,22,31,34,38,41,45,55,58,61,62,64,65,69,71,74,78
4,5,10,12,13,18,21,23,27,38,41,48,49,55,56,57,59,69,70,71
1,4,5,7,9,11,15,23,26,39,42,58,59,62,64,66,68,69,73,74
2,3,4,9,18,20,23,28,42,46,47,50,51,52,56,59,62,63,70,72
6,7,11,12,14,15,17,22,25,28,31,32,36,42,47,48,57,62,73,74
4,9,13,15,16,18,20,29,35,41,43,44,47,52,54,59,61,65,71,72
1,2,3,14,21,23,24,26,28,29,40,41,49,51,52,56,58,60,66,73
4,13,16,19,21,24,25,27,31,33,36,37,45,53,56,60,62,65,71,79
8,9,16,23,25,31,32,37,38,44,48,52,56,58,60,65,68,69,70,77
1,4,8,16,19,23,27,29,30,39,44,46,49,62,64,65,67,70,75,77
1,2,3,4,7,9,12,14,15,16,18,20,28,31,44,53,55,57,65,67
2,3,8,14,16,28,32,34,38,39,44,46,48,54,57,67,71,73,74,80
1,3,6,8,22,27,33,37,40,42,45,48,57,58,62,63,64,65,70,73
13,15,21,25,30,32,35,43,45,46,48,54,55,60,62,63,66,67,77,78
6,9,14,16,19,25,28,36,38,41,42,44,48,49,50,58,61,65,72,77
5,6,7,10,11,20,22,24,31,35,38,40,50,52,60,63,66,72,74,75
6,14,18,19,24,25,28,29,30,37,40,42,48,50,53,58,59,66,69,75
7,15,18,23,24,26,31,34,40,41,43,50,51,52,54,55,60,69,71,77
3,6,11,12,18,20,25,26,34,37,42,48,59,66,67,68,70,73,75,77
4,6,19,23,29,30,33,42,44,45,47,53,56,60,63,64,71,72,76,79
6,10,12,13,16,18,22,23,24,34,35,41,43,44,50,54,60,76,77,80
5,7,11,13,14,15,18,23,27,29,33,34,36,37,45,48,60,67,70,75
5,8,16,17,21,30,31,33,34,43,50,51,53,56,61,62,65,74,77,80
2,4,13,18,21,22,25,43,50,52,54,55,57,63,65,66,68,74,75,78
4,5,8,11,14,16,18,23,27,28,31,41,44,49,52,60,61,63,70,78
11,13,19,21,23,30,32,34,35,36,42,45,54,55,58,60,67,72,74,76
1,3,6,11,16,17,20,23,32,34,39,44,49,54,57,66,69,73,74,78
4,7,13,14,15,25,27,30,32,33,35,40,42,44,45,52,56,57,59,61
3,9,15,22,28,29,32,33,39,44,46,54,58,59,61,64,67,69,72,77
3,5,8,13,20,21,29,30,32,36,39,40,54,55,56,61,63,67,70,80
3,4,10,12,13,15,18,24,33,44,45,52,55,57,60,61,62,67,70,75
3,7,12,21,24,25,29,38,44,47,48,49,52,54,61,69,73,77,78,80
3,6,7,8,13,15,17,18,21,28,37,41,47,48,50,61,67,69,70,77
5,7,10,16,23,25,28,29,30,35,45,50,51,54,55,58,61,62,63,69
4,5,14,21,24,25,26,29,33,35,39,40,41,50,55,59,65,70,78,80
7,8,10,12,14,17,18,24,39,40,42,43,55,65,66,67,68,71,72,73
6,9,18,19,21,24,26,28,29,51,55,56,57,58,62,63,65,68,71,76
1,4,5,7,8,11,12,17,18,22,28,44,53,54,56,62,64,74,77,80
17,19,22,23,24,36,39,40,41,45,49,51,53,59,60,63,68,72,73,77
2,3,12,15,18,19,24,30,37,44,48,50,51,53,54,55,56,60,67,68
2,3,5,7,14,15,16,28,33,38,39,46,48,62,65,66,67,70,77,80
10,12,17,30,32,34,43,46,47,49,50,55,56,61,63,67,68,70,73,80
3,4,6,7,12,16,25,28,31,35,37,38,49,50,51,60,65,72,76,79
2,5,11,16,36,37,38,40,42,50,51,58,59,61,65,67,74,75,78,79
1,4,5,8,12,15,22,29,32,35,44,49,51,52,59,60,64,71,78,79
1,3,7,9,10,21,27,37,38,44,49,59,62,64,66,72,73,75,78,79
1,5,12,13,16,18,21,40,41,44,47,48,50,54,55,59,64,66,68,77
5,9,10,14,16,24,25,30,32,45,49,54,59,60,62,66,67,71,75,78
5,9,12,15,16,17,31,32,43,44,47,51,52,53,62,67,69,70,73,75
2,3,5,8,9,12,16,27,36,41,42,44,45,47,48,62,76,77,78,80
2,9,16,24,30,34,35,42,45,51,54,62,63,65,67,72,73,77,79,80
3,11,12,18,26,27,30,32,39,40,43,44,45,46,52,55,56,57,62,65
3,4,5,7,8,21,36,37,44,49,50,51,52,55,56,59,60,61,62,65
3,6,10,20,22,23,25,28,33,35,39,47,56,60,64,66,68,69,75,79
2,4,8,14,17,19,24,32,37,39,49,50,53,56,57,61,62,68,72,78
3,7,11,12,13,14,15,20,29,33,41,43,46,49,52,54,55,68,79,80
10,26,31,34,36,39,40,41,44,45,47,50,52,55,56,58,61,62,68,78
1,2,6,10,13,16,17,18,23,28,29,37,50,53,54,58,64,70,73,74
7,10,11,12,13,15,37,40,42,45,47,51,55,56,57,64,69,72,74,76
3,8,9,12,22,24,25,28,32,33,35,40,52,53,60,62,66,69,70,78
2,4,12,14,15,20,22,28,31,37,41,45,49,55,64,66,74,77,79,80
1,3,10,14,17,21,27,32,47,48,53,56,57,61,63,67,69,73,78,79
1,6,19,21,43,44,46,48,49,51,54,59,61,62,63,66,69,75,76,78
15,16,17,21,24,35,38,40,41,49,51,56,57,61,62,65,67,72,75,79
3,15,16,20,23,25,27,29,35,37,43,51,53,54,61,63,64,71,75,77
3,4,5,8,10,14,22,27,32,37,45,50,52,53,54,55,59,60,61,77
4,9,10,15,18,19,23,30,34,38,41,46,50,51,56,58,66,69,71,74
10,12,15,18,19,21,23,27,31,40,42,48,52,57,61,65,72,74,79,80
3,4,8,12,21,22,27,29,33,36,41,48,53,54,56,66,67,71,72,78
2,8,16,17,21,24,28,34,35,37,41,49,50,53,59,61,65,69,73,78
3,6,7,14,23,24,26,38,48,49,50,53,54,59,62,63,65,72,76,80
4,7,15,23,27,28,31,34,36,45,48,55,59,61,62,63,71,72,75,78
3,5,6,21,23,24,28,29,32,43,44,45,49,53,57,58,72,73,76,78
3,6,7,12,14,16,19,24,38,44,51,54,55,62,65,68,71,77,79,80
1,3,9,13,14,21,22,25,30,37,38,39,49,50,54,58,63,65,68,78
3,4,8,12,15,16,19,20,31,36,44,48,50,51,54,59,65,73,76,77
1,6,17,19,32,36,37,39,46,48,50,52,53,55,63,65,66,70,74,75
2,4,9,11,13,17,19,23,29,30,34,37,38,43,47,51,69,77,79,80
8,12,17,19,20,24,28,34,38,41,45,52,56,57,60,64,66,69,71,75
1,3,4,5,6,10,12,18,20,21,27,33,42,49,52,68,72,73,75,77
1,4,12,13,19,28,30,34,35,37,39,42,46,49,55,61,64,67,68,79
2,6,11,14,17,26,28,29,30,38,40,41,42,43,51,52,56,68,70,77
2,10,13,14,20,28,30,32,36,37,38,41,46,52,58,62,69,74,77,80
2,12,15,20,21,24,25,26,27,30,39,42,50,53,64,67,71,73,74,77
9,10,17,20,21,24,25,34,35,41,42,45,50,51,53,59,64,67,73,80
1,5,7,16,18,20,21,31,34,36,46,49,51,54,60,64,66,69,73,75
2,4,11,12,13,17,20,26,28,35,37,48,53,58,59,61,69,71,72,79
8,11,21,23,25,26,29,30,34,38,39,41,47,48,50,52,55,57,62,69
2,4,7,8,14,19,20,28,33,34,35,40,50,52,64,68,71,72,75,77
3,10,14,18,20,24,28,34,42,43,46,47,49,50,54,55,62,69,71,77
3,12,18,26,29,31,36,44,45,46,49,58,59,62,65,68,69,70,71,78
3,7,9,16,19,24,26,27,29,32,41,42,44,48,52,53,54,60,64,75
14,18,21,22,27,34,38,42,43,44,48,52,53,54,60,68,69,70,74,75
3,5,8,15,16,18,25,26,27,32,41,46,53,57,59,60,63,64,66,75
5,7,10,11,12,14,23,24,32,42,46,47,50,59,60,61,63,74,77,78
2,23,25,26,27,29,31,36,37,40,41,46,48,56,61,62,64,65,67,71
5,6,11,12,18,21,25,26,32,33,36,37,45,48,51,52,54,65,75,79
1,8,12,25,26,27,28,29,31,34,36,47,54,59,60,64,67,70,73,78
1,2,3,9,19,23,30,32,34,37,41,45,48,49,54,58,64,69,75,78
1,5,8,17,18,21,23,24,25,31,34,37,41,53,62,63,66,69,77,78
1,11,17,18,21,23,26,34,36,47,50,51,53,56,61,63,64,71,72,78
1,4,17,24,27,28,36,38,39,40,43,44,47,48,51,52,54,63,67,71
3,9,10,15,25,30,35,36,37,40,41,43,44,52,54,68,70,74,75,80
4,11,14,20,23,30,32,34,36,40,41,49,52,53,57,59,60,64,69,78
6,7,10,11,13,15,21,24,36,38,39,43,44,55,59,62,67,71,76,78
1,7,8,12,13,14,17,22,29,43,47,50,52,56,57,60,65,66,73,75
2,3,19,33,43,46,47,52,57,59,60,64,67,69,71,73,76,77,78,80
6,7,8,11,12,14,26,33,36,40,42,45,47,49,50,53,57,62,66,67
7,9,10,13,18,19,20,22,31,34,44,51,52,54,59,73,74,76,78,79
1,12,13,14,15,16,17,28,30,39,43,54,55,58,59,66,71,74,75,76
3,10,14,23,25,31,34,46,48,52,55,57,58,61,64,71,74,76,79,80
5,14,15,16,20,26,31,34,35,36,40,52,54,57,58,60,65,71,72,79
5,7,16,17,18,19,29,31,32,39,41,45,46,48,52,57,63,70,72,79
7,11,14,16,21,24,26,29,31,36,41,42,44,50,51,59,64,76,77,79
1,4,6,10,15,19,25,37,39,43,47,48,52,54,62,63,67,69,71,77
7,9,11,17,23,24,28,38,39,41,42,44,51,55,68,70,71,73,77,80
1,5,8,10,14,26,27,29,32,47,48,50,57,58,61,65,66,68,71,73
5,15,16,19,20,22,27,33,34,35,36,39,42,43,46,49,67,69,75,79
1,6,16,24,25,30,36,37,39,41,45,46,48,53,62,65,70,77,78,79
19,21,23,25,26,41,42,47,49,52,53,55,63,64,66,71,73,77,78,79
1,3,4,5,8,10,19,26,31,37,38,47,51,55,62,64,66,70,74,80
5,10,14,21,24,27,30,33,42,43,44,46,49,52,53,60,66,77,78,79
1,2,5,12,17,19,25,27,30,32,36,38,40,49,50,65,68,69,77,80
2,5,7,10,13,18,19,20,25,32,36,52,53,54,64,66,68,74,76,80
1,3,10,17,19,21,26,27,32,36,39,41,53,56,67,69,72,75,76,78
3,5,7,8,9,14,18,19,24,26,27,41,53,56,57,59,63,66,73,75
1,6,9,10,12,28,30,37,43,45,59,60,61,63,66,67,68,70,77,79
14,17,18,23,30,31,37,40,42,48,49,52,53,55,57,60,64,76,77,80
1,2,5,7,9,21,22,23,27,29,30,35,47,48,60,61,68,76,78,80
1,2,6,8,16,17,22,24,26,34,36,40,42,43,52,53,58,67,71,76
3,6,13,14,16,23,27,28,34,42,44,46,47,53,54,61,62,72,77,79
4,9,10,17,19,21,23,24,32,34,35,38,39,40,52,53,54,66,68,76
4,6,7,15,18,26,29,36,43,45,46,50,62,64,66,68,70,74,76,78
5,8,11,19,32,36,37,38,40,42,43,50,56,61,62,63,64,70,71,77
3,8,10,12,16,17,18,24,28,31,35,38,40,48,54,56,65,68,70,73
5,8,13,15,17,20,30,32,36,43,49,51,52,56,59,60,66,68,76,80
2,4,6,8,10,12,15,20,21,24,30,41,47,48,50,58,62,68,71,79
1,2,6,12,13,18,37,40,44,48,49,51,59,61,65,66,73,76,78,79
2,3,12,14,17,18,27,31,32,36,37,45,51,52,53,61,70,71,73,77
4,7,8,12,16,19,27,28,37,38,40,41,46,51,52,53,60,65,70,78
5,6,10,13,14,15,16,24,27,32,35,37,39,46,50,55,60,64,72,80
2,10,18,20,23,25,26,30,37,38,40,41,43,57,62,63,70,75,76,77
1,4,7,13,15,19,22,26,30,32,33,39,40,56,62,64,71,72,75,78
2,4,11,12,13,15,24,28,37,43,51,53,55,57,65,70,71,73,74,78
14,17,23,26,28,32,33,34,37,46,49,58,60,64,68,71,72,73,74,79
3,10,17,18,19,20,31,33,38,46,52,53,54,55,59,60,65,66,79,80
3,6,11,15,16,23,27,29,30,39,42,44,57,66,72,75,76,78,79,80
2,4,6,10,13,22,26,31,41,49,51,59,62,64,66,70,71,73,76,79
3,5,13,23,28,32,35,36,37,40,53,62,63,66,72,73,74,76,77,79
2,3,8,10,11,14,16,17,19,21,35,36,40,47,52,58,63,65,67,76
5,8,10,11,17,18,23,24,31,32,36,41,48,49,65,66,71,74,77,79
2,4,7,14,15,22,24,27,28,38,39,40,50,52,53,56,58,64,70,71
3,5,7,9,12,15,23,26,36,39,42,51,53,55,57,62,64,67,72,75
1,3,16,26,29,32,35,36,39,45,59,61,64,66,67,69,72,73,75,77
3,6,16,17,23,27,29,30,38,40,41,46,48,53,58,60,62,63,66,69
7,10,13,19,22,26,29,31,36,38,43,44,50,53,56,57,60,61,74,80
3,4,5,6,9,10,14,16,20,23,25,44,49,50,55,57,58,68,76,78
3,11,19,20,22,30,32,38,40,48,49,54,58,60,63,67,73,74,77,80
6,20,26,34,35,36,41,42,45,48,50,53,58,59,61,63,64,70,74,78
1,3,5,10,11,13,14,16,20,25,31,35,39,41,42,54,60,62,65,78
1,3,7,18,24,30,36,42,43,50,52,53,54,59,60,62,66,71,73,74
1,2,10,18,19,20,21,25,27,28,31,32,34,37,40,41,57,71,75,80
2,10,11,12,13,15,17,20,28,30,35,38,47,51,52,56,66,69,73,80
1,3,8,11,14,21,25,32,40,46,48,49,52,54,60,64,75,76,77,78
7,9,11,25,32,37,38,40,42,44,45,56,63,64,66,67,68,71,76,77
2,3,6,7,11,12,17,25,26,28,35,46,57,64,65,69,70,74,77,80
1,12,14,20,24,29,32,33,34,35,36,43,50,65,68,69,72,75,76,78
3,11,17,19,20,24,26,27,33,38,41,42,44,47,52,64,69,71,72,76
4,5,11,15,18,19,21,23,35,39,40,46,48,56,62,64,67,70,75,76
2,4,8,21,22,25,28,35,37,39,46,52,60,62,63,66,67,72,78,80
9,11,13,15,18,19,20,22,26,29,35,38,39,52,55,68,76,78,79,80
2,8,12,17,21,33,34,36,40,45,46,47,57,58,59,61,62,63,68,73
4,12,13,17,18,23,26,27,32,34,42,45,49,50,52,54,57,58,66,71
7,11,18,19,20,22,24,29,31,32,41,45,47,49,58,63,66,67,70,78
14,22,27,32,33,36,38,39,49,52,57,58,60,61,63,66,68,73,74,75
1,8,10,11,15,17,30,32,36,47,49,54,56,57,58,71,75,77,79,80
8,11,12,16,19,29,38,44,46,48,49,50,56,57,65,67,70,71,72,80
3,4,8,9,19,22,33,38,40,41,43,46,51,60,65,66,67,68,69,72
9,10,12,22,25,27,30,31,44,48,50,55,56,63,64,65,66,70,71,79
2,9,11,13,16,23,26,27,28,35,39,40,45,46,49,51,61,63,71,75
5,6,7,11,12,15,16,17,19,26,38,46,51,52,55,61,64,71,77,78
13,14,18,20,23,24,33,34,42,47,50,51,56,58,60,62,63,65,68,75
5,6,13,14,16,17,18,20,22,25,32,45,47,51,61,67,73,76,77,79
4,5,15,21,24,30,43,47,49,50,52,55,59,60,63,65,70,71,74,79
11,12,16,17,18,23,26,29,30,33,34,45,51,57,58,59,60,63,65,80
3,5,13,14,26,33,38,42,44,46,47,48,49,53,56,63,67,69,73,75
2,6,10,11,14,16,20,35,38,43,45,47,51,53,58,59,61,76,77,80
3,9,12,15,16,17,19,20,25,27,30,33,38,42,44,52,57,59,66,69
4,5,12,18,22,29,40,44,45,47,48,51,54,60,63,64,66,67,73,74
3,4,11,16,19,27,29,35,40,42,49,50,54,62,63,72,74,75,79,80
7,14,19,20,27,32,41,43,49,54,55,57,63,64,66,67,73,77,78,79
3,4,6,19,22,27,28,29,35,36,40,43,44,49,51,58,73,75,76,78
2,6,8,9,14,15,17,18,22,28,34,42,46,47,51,58,60,61,65,78
3,6,8,13,15,20,31,34,38,39,43,44,55,57,61,63,71,76,77,78
6,7,18,22,27,29,41,42,44,49,52,54,58,61,66,73,74,75,76,80
1,2,5,12,16,21,22,40,43,49,52,56,61,64,65,70,72,73,79,80
3,5,17,19,22,25,26,39,41,46,50,53,54,57,60,65,69,70,76,78
3,9,10,16,20,25,30,36,37,40,44,57,58,60,68,69,72,77,78,80
8,9,10,18,29,32,34,39,40,41,44,45,46,49,50,59,68,72,73,80
1,4,5,13,15,23,24,25,31,41,42,44,49,51,52,53,56,63,71,72
4,5,7,8,11,15,16,18,24,30,50,55,57,58,61,69,70,71,78,80
1,2,6,7,9,19,23,33,36,40,43,45,50,52,55,57,65,68,73,75
1,11,13,15,23,26,27,30,37,40,45,46,49,52,54,58,67,69,75,77
2,3,8,9,15,17,21,24,35,36,38,44,46,52,55,64,67,77,78,79
2,7,10,12,14,27,31,40,45,49,51,53,59,62,64,66,68,70,74,80
3,7,12,27,30,31,33,36,39,42,45,48,52,58,59,63,70,72,76,78
1,14,16,19,24,25,34,38,39,47,52,58,60,61,62,68,70,71,72,75
6,9,11,13,14,18,25,30,31,40,47,49,51,57,61,62,63,66,75,80
2,3,4,10,11,15,20,35,38,54,57,58,59,60,63,69,70,72,76,77
6,10,14,15,25,29,37,44,45,47,50,55,58,60,62,63,64,68,70,79
2,9,15,18,20,21,24,25,28,37,39,53,57,62,64,65,71,73,78,80
2,4,5,13,16,20,28,29,32,34,35,36,38,43,51,53,55,59,61,65
6,7,9,22,23,24,35,42,43,44,47,49,52,53,64,66,68,71,74,78
1,13,19,22,25,33,34,41,46,49,51,53,58,60,62,66,69,74,78,80
1,17,19,21,28,29,32,34,40,42,44,47,49,53,58,63,64,66,73,74
3,4,8,15,21,26,31,35,46,48,53,54,61,64,66,69,72,74,75,76
1,2,4,7,14,20,23,24,28,34,50,51,53,54,60,65,67,74,79,80
1,5,7,8,11,12,17,21,23,27,36,53,56,57,63,64,70,72,77,78
2,3,7,13,17,19,21,37,40,43,51,52,58,63,64,65,68,69,77,78
14,15,17,18,19,20,26,28,34,45,47,50,51,64,66,69,73,75,77,80
1,7,11,13,14,15,23,27,28,40,43,48,54,55,61,68,69,70,78,80
5,7,12,14,19,21,22,26,30,33,38,42,44,59,64,65,70,71,75,79
1,2,4,8,12,15,25,26,28,31,34,36,39,42,44,47,62,66,77,79
1,5,8,10,12,14,15,17,25,35,38,40,46,48,54,55,57,60,68,79
1,3,4,7,9,12,15,17,19,21,28,33,41,42,45,46,47,57,63,77
5,6,12,21,22,26,27,29,30,37,39,41,43,48,49,50,51,62,74,76
6,11,12,17,21,24,28,29,39,41,43,47,51,53,59,63,66,69,70,76
3,5,9,16,19,23,28,31,32,35,36,38,41,42,48,49,52,56,64,80
8,10,12,16,19,28,32,34,35,36,41,42,43,47,49,54,56,64,69,80
2,4,5,9,14,23,24,25,26,33,35,41,42,43,52,54,62,63,64,74
2,3,4,8,18,19,23,25,26,42,44,47,49,53,59,63,66,72,73,75
3,8,12,13,14,18,19,20,27,29,32,36,52,55,56,58,66,73,78,79
10,11,12,16,18,19,25,27,28,34,38,45,50,53,55,57,65,72,74,80
3,4,5,8,15,19,25,27,35,36,38,39,41,58,60,64,68,74,76,77
1,4,8,9,14,17,22,27,28,37,38,50,55,59,64,66,69,73,78,79
1,4,5,20,21,26,28,29,38,41,46,47,48,50,58,59,67,69,75,80
10,12,15,17,19,21,26,34,37,39,48,53,55,66,68,69,74,75,76,79
1,5,21,22,26,30,32,47,53,56,59,63,65,66,68,70,71,74,75,80
7,9,12,15,17,21,28,29,30,36,48,52,55,57,58,61,72,73,78,80
2,3,7,9,15,16,18,29,33,34,39,44,48,55,56,59,61,65,71,72
6,11,15,18,19,22,25,35,39,45,50,55,57,58,64,66,68,72,73,76
3,8,11,12,15,16,18,23,29,33,36,37,41,43,44,47,48,50,53,70
2,3,6,10,11,17,32,47,57,61,66,67,68,70,71,75,76,78,79,80
4,9,12,16,18,22,29,33,39,42,44,46,47,49,51,65,68,73,76,80
1,5,15,16,25,27,31,33,37,39,44,47,56,57,58,59,62,67,72,75
4,15,20,22,24,25,29,31,33,35,37,40,42,44,46,50,55,59,63,72
2,4,9,10,13,18,19,23,26,34,41,46,51,53,59,62,64,65,70,75
1,2,7,10,14,15,16,21,26,32,34,37,38,39,46,52,58,63,65,73
5,6,7,15,16,24,27,33,34,35,39,41,44,45,47,50,55,56,78,79
6,13,17,18,30,31,34,35,36,44,48,49,54,55,56,57,60,61,65,70
4,6,16,22,23,24,27,29,31,33,37,44,47,48,51,53,57,63,75,77
1,15,16,20,24,28,30,32,34,38,43,47,56,61,63,65,68,76,79,80
5,7,11,13,14,19,22,28,29,30,31,32,33,39,53,54,58,61,65,70
3,4,8,9,13,21,23,30,33,36,43,49,51,63,70,71,73,76,77,78
2,5,7,8,12,18,22,24,27,29,33,38,39,40,53,54,55,70,73,79
5,6,12,16,24,32,35,36,38,45,47,55,57,59,61,63,68,74,78,80
4,13,19,27,29,30,37,49,50,58,63,64,66,69,71,72,73,74,78,79
3,5,6,8,10,20,24,34,39,40,48,54,55,57,61,68,69,70,71,77
1,5,10,13,15,20,21,25,27,28,34,41,43,45,50,56,62,63,65,69
5,7,12,13,24,28,40,42,47,49,52,53,55,58,61,64,65,66,67,70
6,9,10,18,21,35,37,43,47,50,52,59,62,66,70,71,73,75,78,80
9,13,18,19,23,24,25,26,33,34,37,42,44,47,52,61,66,67,71,74
2,3,5,8,11,15,21,23,24,26,29,41,44,48,50,52,54,55,57,80
1,6,12,14,16,19,24,26,28,33,36,42,47,51,57,58,59,65,70,78
3,4,6,15,20,24,27,28,30,32,35,46,48,51,56,59,66,68,75,79
3,6,7,15,30,35,36,37,42,46,47,51,55,59,61,62,70,71,73,79
4,5,22,24,27,28,33,41,43,49,52,54,61,63,68,69,72,73,76,80
2,3,11,13,18,22,25,26,32,35,41,47,61,62,65,68,70,72,74,78
3,5,13,14,26,27,31,33,37,38,39,40,43,52,61,63,71,74,75,78
1,2,4,8,23,25,26,28,30,32,34,36,41,44,48,49,58,63,65,78
7,12,13,14,18,20,21,25,29,36,38,50,56,63,66,68,71,72,73,79
5,8,11,16,17,19,20,22,23,32,36,38,40,46,49,56,57,61,69,76
2,5,6,7,12,15,18,24,34,37,39,40,48,50,56,61,69,71,74,80
6,15,16,17,28,29,31,32,40,42,44,45,46,51,52,57,65,66,68,69
4,8,12,15,16,20,25,44,46,51,55,56,58,61,62,66,71,74,77,78
2,11,20,26,27,28,31,39,45,49,50,51,54,56,66,67,69,70,75,80
2,10,14,17,22,23,25,28,37,39,45,46,49,53,60,63,64,72,73,78
4,12,13,17,18,21,23,24,31,37,39,42,43,51,54,57,61,62,63,70
3,13,18,23,24,27,28,29,36,40,44,50,52,53,54,57,59,60,70,79
2,3,8,14,15,22,24,25,40,43,44,46,47,50,57,61,64,69,73,79
1,2,4,5,6,8,13,18,20,28,41,51,53,56,57,62,65,68,71,80
1,8,9,12,14,18,19,20,24,28,36,39,43,49,54,59,61,62,68,76
6,24,26,28,29,30,34,36,45,47,52,54,57,59,64,66,67,73,75,78
2,3,4,5,12,22,24,29,41,42,44,49,52,53,56,57,68,69,74,79
6,7,8,11,14,19,29,30,35,42,43,47,48,53,54,60,63,67,68,73
1,8,12,16,19,22,25,31,38,45,52,60,61,68,69,70,71,76,78,80
1,4,12,17,21,27,30,36,39,42,47,51,54,58,61,63,65,67,69,71
1,3,13,17,21,24,29,34,37,41,45,47,51,52,55,58,59,62,71,77
3,7,17,27,31,33,40,41,49,53,54,58,60,63,64,69,73,76,79,80
1,2,6,14,20,31,32,34,38,39,41,43,44,50,51,52,54,67,75,80
6,9,21,23,24,31,32,34,38,51,52,53,55,57,59,66,70,71,76,78
2,5,9,10,21,23,24,26,32,36,41,42,54,59,60,64,65,66,68,70
